team,ta_LB,ta_S,ta_CB,ta_DT,ta_DE,ta_ALL,sk_LB,sk_S,sk_CB,sk_DT,sk_DE,sk_ALL,g25,g26
ARZ,1.051,0.826,1.128,1.042,0.99,1.008,1.557,0.783,1.889,1.372,1.24,1.316,17,2
ATL,0.991,1.059,0.937,0.949,1.16,1.014,1.003,1.217,0.59,0.243,0.949,0.778,17,2
BAL,1.013,0.901,0.782,1.042,1.085,0.955,1.557,0.0,0.59,0.99,1.138,1.077,17,2
BUF,1.042,1.078,1.146,0.948,0.982,1.05,1.488,0.609,1.063,1.112,0.824,0.974,17,2
CAR,0.818,1.089,0.894,1.016,1.015,0.95,1.211,0.435,0.59,0.921,0.84,0.876,17,2
CHI,1.12,1.015,0.98,1.077,1.104,1.059,0.519,0.783,0.0,0.417,0.981,0.739,17,2
CIN,1.063,0.975,1.077,0.925,0.904,1.004,0.899,0.783,1.063,1.094,0.949,0.979,17,2
CLE,1.048,1.045,0.839,0.97,0.977,0.982,2.006,0.609,1.653,0.869,1.42,1.325,17,2
DAL,0.975,1.018,1.134,0.961,1.044,1.026,0.415,0.0,0.0,1.025,0.745,0.709,17,2
DEN,1.016,0.946,1.135,0.86,0.852,0.98,0.657,0.783,1.771,0.486,0.526,0.59,17,2
DET,1.052,1.133,1.022,1.045,1.038,1.06,0.83,1.652,0.0,1.025,1.036,1.0,17,2
GB,0.917,0.996,0.865,0.912,1.033,0.94,0.726,0.783,0.0,0.625,1.099,0.88,17,2
HOU,1.095,1.12,1.086,1.024,1.092,1.088,0.554,1.652,0.0,1.286,0.832,0.923,17,2
IND,0.97,0.975,1.051,0.928,0.911,0.974,0.484,0.87,1.653,0.486,0.706,0.667,17,2
JAX,0.923,1.012,1.002,1.028,0.911,0.972,0.554,1.043,1.653,1.372,0.8,0.953,17,2
KC,1.031,0.967,1.089,1.057,1.121,1.047,0.969,0.174,1.653,1.233,1.106,1.094,17,2
LAC,1.075,0.932,1.036,1.022,1.012,1.019,1.315,0.609,1.771,1.511,1.53,1.462,17,2
LAR,0.946,1.167,1.102,0.952,0.803,1.005,0.311,1.043,0.59,0.73,0.392,0.504,17,2
LV,0.964,0.804,1.151,1.067,0.948,0.981,1.142,0.783,0.827,1.72,1.358,1.372,17,2
MIA,0.959,1.059,0.844,0.973,0.913,0.952,1.176,2.087,3.424,0.903,1.02,1.15,17,2
MIN,0.965,0.854,0.899,0.918,0.881,0.908,1.315,0.783,1.771,1.633,1.42,1.445,17,2
NE,0.991,0.987,0.979,1.16,1.03,1.017,1.315,1.652,0.59,1.112,1.216,1.201,17,2
NO,0.976,1.07,1.189,1.067,1.039,1.063,1.176,1.043,3.424,1.32,1.263,1.329,17,2
NYG,1.065,0.943,0.943,1.187,1.252,1.058,0.83,1.652,0.236,1.06,1.169,1.094,17,2
NYJ,1.075,1.096,0.97,0.862,1.046,1.024,1.315,3.043,2.244,1.181,1.263,1.376,17,2
PHI,0.858,1.006,0.999,1.027,0.925,0.953,1.661,0.609,1.063,1.129,0.714,0.94,17,2
PIT,1.052,1.03,0.881,0.856,0.993,0.975,0.657,0.435,0.0,0.955,0.997,0.88,17,2
SEA,0.929,0.965,0.902,1.124,1.047,0.976,0.657,1.304,0.0,0.539,0.73,0.671,17,2
SF,1.022,1.088,1.025,1.214,0.992,1.058,0.173,0.435,0.59,0.365,0.722,0.543,17,2
TB,0.974,1.038,1.072,0.924,0.936,0.996,1.315,2.522,0.236,1.303,0.816,1.064,17,2
TEN,0.912,0.758,0.988,0.864,0.985,0.899,0.899,0.783,0.827,1.199,1.514,1.299,17,2
WAS,1.111,1.047,0.853,0.997,0.978,1.007,1.315,1.043,0.236,0.782,0.683,0.786,17,2
